{"cameraMode":{"drawMode":0,"name":"Shaded","section":"Shading Mode"},"sceneLighting":true,"audioPlay":false,"sceneViewState":{"m_AlwaysRefresh":false,"showFog":true,"showSkybox":true,"showFlares":true,"showImageEffects":true,"showParticleSystems":true,"showVisualEffectGraphs":true,"m_FxEnabled":true},"in2DMode":false,"pivot":{"x":-0.31599998474121096,"y":0.8972291946411133,"z":3.733092784881592},"rotation":{"x":-0.11883880943059921,"y":-0.13893082737922669,"z":0.016795437783002855,"w":-0.983002781867981},"size":5.440541744232178,"orthographic":false}