{"cameraMode":{"drawMode":0,"name":"Shaded","section":"Shading Mode"},"sceneLighting":true,"audioPlay":false,"sceneViewState":{"m_AlwaysRefresh":false,"showFog":true,"showSkybox":true,"showFlares":true,"showImageEffects":true,"showParticleSystems":true,"showVisualEffectGraphs":true,"m_FxEnabled":true},"in2DMode":false,"pivot":{"x":0.0018897056579589844,"y":0.6405153274536133,"z":-0.3231971263885498},"rotation":{"x":-0.14577311277389527,"y":0.7044481635093689,"z":-0.15148097276687623,"w":-0.6779046058654785},"size":2.92330265045166,"orthographic":false}