{"cameraMode":{"drawMode":0,"name":"Shaded","section":"Shading Mode"},"sceneLighting":true,"audioPlay":false,"sceneViewState":{"m_AlwaysRefresh":false,"showFog":true,"showSkybox":true,"showFlares":true,"showImageEffects":true,"showParticleSystems":true,"showVisualEffectGraphs":true,"m_FxEnabled":true},"in2DMode":false,"pivot":{"x":111.02008819580078,"y":20.105457305908204,"z":-14.087732315063477},"rotation":{"x":0.0016593076288700104,"y":-0.9786363244056702,"z":0.20583848655223847,"w":0.007936142385005951},"size":14.138429641723633,"orthographic":false}