{"cameraMode":{"drawMode":0,"name":"Shaded","section":"Shading Mode"},"sceneLighting":true,"audioPlay":false,"sceneViewState":{"m_AlwaysRefresh":false,"showFog":true,"showSkybox":true,"showFlares":true,"showImageEffects":true,"showParticleSystems":true,"showVisualEffectGraphs":true,"m_FxEnabled":true},"in2DMode":false,"pivot":{"x":-1.2922635078430176,"y":2.581242084503174,"z":4.197127342224121},"rotation":{"x":0.028138911351561548,"y":-0.3462207615375519,"z":0.010388752445578576,"w":0.9376783967018127},"size":3.354600667953491,"orthographic":false}